configuration,result_id,rule,location,reported_severity,inspected_evidence,disposition,rationale
A_production_default,A_production_default#result[0],rust/cleartext-logging,crates/qbind-node/tests/run_422_d7d14_safety_record_store_tests.rs:8625,warning,flow source crates/qbind-node/src/safety_record_store/codec.rs:546; sink is a test-assertion diagnostic (panic!/assert!/println! format message) in the D7-D14 integration test; source values are synthetic fixture TimeoutCert objects (decode_timeout_cert/admit_timeout_cert) and Debug-formatted error enums / capacity integers,FALSE_POSITIVE_NON_SENSITIVE_TEST_DIAGNOSTIC,"Sink is a non-production test-assertion diagnostic; the value reaching output is synthetic fixture data / an error diagnostic / a public capacity quantity, established by inspecting the flow source and sink rather than solely because the result lies in a test file. No secret, key, or credential reaches the sink. rust/cleartext-logging reported severity is retained separately."
A_production_default,A_production_default#result[2],rust/cleartext-logging,crates/qbind-node/src/safety_record_store/codec.rs:415,warning,"codec.rs:413-417 debug_assert!(cert.capacity()==cert_cap, ""evidence cert backing capacity {} diverged from the admitted cap {cert_cap}""); value reaching sink is the integer capacity bound cert_cap/cert.capacity(); debug_assert! is compiled out in release builds",FALSE_POSITIVE_NON_SENSITIVE,"Value is a non-sensitive integer capacity bound (public quantity), not key/credential material; emitted only in a debug_assert! divergence message removed from release binaries. rust/cleartext-logging reported severity (warning) is retained; this per-result assessment is a false positive and the frozen implementation is not modified under this task."
B_acceptance_testutils,B_acceptance_testutils#result[38],rust/cleartext-logging,crates/qbind-node/tests/run_422_d7d14_safety_record_store_tests.rs:934,warning,flow source crates/qbind-node/src/safety_record_store/codec.rs:879; sink is a test-assertion diagnostic (panic!/assert!/println! format message) in the D7-D14 integration test; source values are synthetic fixture TimeoutCert objects (decode_timeout_cert/admit_timeout_cert) and Debug-formatted error enums / capacity integers,FALSE_POSITIVE_NON_SENSITIVE_TEST_DIAGNOSTIC,"Sink is a non-production test-assertion diagnostic; the value reaching output is synthetic fixture data / an error diagnostic / a public capacity quantity, established by inspecting the flow source and sink rather than solely because the result lies in a test file. No secret, key, or credential reaches the sink. rust/cleartext-logging reported severity is retained separately."
B_acceptance_testutils,B_acceptance_testutils#result[39],rust/cleartext-logging,crates/qbind-node/tests/run_422_d7d14_safety_record_store_tests.rs:1366,warning,flow source crates/qbind-node/src/safety_record_store/codec.rs:879; sink is a test-assertion diagnostic (panic!/assert!/println! format message) in the D7-D14 integration test; source values are synthetic fixture TimeoutCert objects (decode_timeout_cert/admit_timeout_cert) and Debug-formatted error enums / capacity integers,FALSE_POSITIVE_NON_SENSITIVE_TEST_DIAGNOSTIC,"Sink is a non-production test-assertion diagnostic; the value reaching output is synthetic fixture data / an error diagnostic / a public capacity quantity, established by inspecting the flow source and sink rather than solely because the result lies in a test file. No secret, key, or credential reaches the sink. rust/cleartext-logging reported severity is retained separately."
B_acceptance_testutils,B_acceptance_testutils#result[40],rust/cleartext-logging,crates/qbind-node/tests/run_422_d7d14_safety_record_store_tests.rs:1387,warning,flow source crates/qbind-node/src/safety_record_store/codec.rs:879; sink is a test-assertion diagnostic (panic!/assert!/println! format message) in the D7-D14 integration test; source values are synthetic fixture TimeoutCert objects (decode_timeout_cert/admit_timeout_cert) and Debug-formatted error enums / capacity integers,FALSE_POSITIVE_NON_SENSITIVE_TEST_DIAGNOSTIC,"Sink is a non-production test-assertion diagnostic; the value reaching output is synthetic fixture data / an error diagnostic / a public capacity quantity, established by inspecting the flow source and sink rather than solely because the result lies in a test file. No secret, key, or credential reaches the sink. rust/cleartext-logging reported severity is retained separately."
B_acceptance_testutils,B_acceptance_testutils#result[41],rust/cleartext-logging,crates/qbind-node/tests/run_422_d7d14_safety_record_store_tests.rs:1411,warning,flow source crates/qbind-node/src/safety_record_store/codec.rs:546; sink is a test-assertion diagnostic (panic!/assert!/println! format message) in the D7-D14 integration test; source values are synthetic fixture TimeoutCert objects (decode_timeout_cert/admit_timeout_cert) and Debug-formatted error enums / capacity integers,FALSE_POSITIVE_NON_SENSITIVE_TEST_DIAGNOSTIC,"Sink is a non-production test-assertion diagnostic; the value reaching output is synthetic fixture data / an error diagnostic / a public capacity quantity, established by inspecting the flow source and sink rather than solely because the result lies in a test file. No secret, key, or credential reaches the sink. rust/cleartext-logging reported severity is retained separately."
B_acceptance_testutils,B_acceptance_testutils#result[42],rust/cleartext-logging,crates/qbind-node/tests/run_422_d7d14_safety_record_store_tests.rs:2035,warning,flow source crates/qbind-node/src/safety_record_store/codec.rs:546; sink is a test-assertion diagnostic (panic!/assert!/println! format message) in the D7-D14 integration test; source values are synthetic fixture TimeoutCert objects (decode_timeout_cert/admit_timeout_cert) and Debug-formatted error enums / capacity integers,FALSE_POSITIVE_NON_SENSITIVE_TEST_DIAGNOSTIC,"Sink is a non-production test-assertion diagnostic; the value reaching output is synthetic fixture data / an error diagnostic / a public capacity quantity, established by inspecting the flow source and sink rather than solely because the result lies in a test file. No secret, key, or credential reaches the sink. rust/cleartext-logging reported severity is retained separately."
B_acceptance_testutils,B_acceptance_testutils#result[43],rust/cleartext-logging,crates/qbind-node/tests/run_422_d7d14_safety_record_store_tests.rs:2539,warning,flow source crates/qbind-node/src/safety_record_store/codec.rs:546; sink is a test-assertion diagnostic (panic!/assert!/println! format message) in the D7-D14 integration test; source values are synthetic fixture TimeoutCert objects (decode_timeout_cert/admit_timeout_cert) and Debug-formatted error enums / capacity integers,FALSE_POSITIVE_NON_SENSITIVE_TEST_DIAGNOSTIC,"Sink is a non-production test-assertion diagnostic; the value reaching output is synthetic fixture data / an error diagnostic / a public capacity quantity, established by inspecting the flow source and sink rather than solely because the result lies in a test file. No secret, key, or credential reaches the sink. rust/cleartext-logging reported severity is retained separately."
B_acceptance_testutils,B_acceptance_testutils#result[44],rust/cleartext-logging,crates/qbind-node/tests/run_422_d7d14_safety_record_store_tests.rs:2564,warning,flow source crates/qbind-node/src/safety_record_store/codec.rs:546; sink is a test-assertion diagnostic (panic!/assert!/println! format message) in the D7-D14 integration test; source values are synthetic fixture TimeoutCert objects (decode_timeout_cert/admit_timeout_cert) and Debug-formatted error enums / capacity integers,FALSE_POSITIVE_NON_SENSITIVE_TEST_DIAGNOSTIC,"Sink is a non-production test-assertion diagnostic; the value reaching output is synthetic fixture data / an error diagnostic / a public capacity quantity, established by inspecting the flow source and sink rather than solely because the result lies in a test file. No secret, key, or credential reaches the sink. rust/cleartext-logging reported severity is retained separately."
B_acceptance_testutils,B_acceptance_testutils#result[45],rust/cleartext-logging,crates/qbind-node/tests/run_422_d7d14_safety_record_store_tests.rs:2602,warning,flow source crates/qbind-node/src/safety_record_store/codec.rs:546; sink is a test-assertion diagnostic (panic!/assert!/println! format message) in the D7-D14 integration test; source values are synthetic fixture TimeoutCert objects (decode_timeout_cert/admit_timeout_cert) and Debug-formatted error enums / capacity integers,FALSE_POSITIVE_NON_SENSITIVE_TEST_DIAGNOSTIC,"Sink is a non-production test-assertion diagnostic; the value reaching output is synthetic fixture data / an error diagnostic / a public capacity quantity, established by inspecting the flow source and sink rather than solely because the result lies in a test file. No secret, key, or credential reaches the sink. rust/cleartext-logging reported severity is retained separately."
B_acceptance_testutils,B_acceptance_testutils#result[46],rust/cleartext-logging,crates/qbind-node/tests/run_422_d7d14_safety_record_store_tests.rs:2609,warning,flow source crates/qbind-node/src/safety_record_store/codec.rs:546; sink is a test-assertion diagnostic (panic!/assert!/println! format message) in the D7-D14 integration test; source values are synthetic fixture TimeoutCert objects (decode_timeout_cert/admit_timeout_cert) and Debug-formatted error enums / capacity integers,FALSE_POSITIVE_NON_SENSITIVE_TEST_DIAGNOSTIC,"Sink is a non-production test-assertion diagnostic; the value reaching output is synthetic fixture data / an error diagnostic / a public capacity quantity, established by inspecting the flow source and sink rather than solely because the result lies in a test file. No secret, key, or credential reaches the sink. rust/cleartext-logging reported severity is retained separately."
B_acceptance_testutils,B_acceptance_testutils#result[47],rust/cleartext-logging,crates/qbind-node/tests/run_422_d7d14_safety_record_store_tests.rs:2686,warning,flow source crates/qbind-node/src/safety_record_store/codec.rs:879; sink is a test-assertion diagnostic (panic!/assert!/println! format message) in the D7-D14 integration test; source values are synthetic fixture TimeoutCert objects (decode_timeout_cert/admit_timeout_cert) and Debug-formatted error enums / capacity integers,FALSE_POSITIVE_NON_SENSITIVE_TEST_DIAGNOSTIC,"Sink is a non-production test-assertion diagnostic; the value reaching output is synthetic fixture data / an error diagnostic / a public capacity quantity, established by inspecting the flow source and sink rather than solely because the result lies in a test file. No secret, key, or credential reaches the sink. rust/cleartext-logging reported severity is retained separately."
B_acceptance_testutils,B_acceptance_testutils#result[48],rust/cleartext-logging,crates/qbind-node/tests/run_422_d7d14_safety_record_store_tests.rs:2733,warning,flow source crates/qbind-node/src/safety_record_store/codec.rs:879; sink is a test-assertion diagnostic (panic!/assert!/println! format message) in the D7-D14 integration test; source values are synthetic fixture TimeoutCert objects (decode_timeout_cert/admit_timeout_cert) and Debug-formatted error enums / capacity integers,FALSE_POSITIVE_NON_SENSITIVE_TEST_DIAGNOSTIC,"Sink is a non-production test-assertion diagnostic; the value reaching output is synthetic fixture data / an error diagnostic / a public capacity quantity, established by inspecting the flow source and sink rather than solely because the result lies in a test file. No secret, key, or credential reaches the sink. rust/cleartext-logging reported severity is retained separately."
B_acceptance_testutils,B_acceptance_testutils#result[49],rust/cleartext-logging,crates/qbind-node/tests/run_422_d7d14_safety_record_store_tests.rs:3277,warning,flow source crates/qbind-node/src/safety_record_store/codec.rs:879; sink is a test-assertion diagnostic (panic!/assert!/println! format message) in the D7-D14 integration test; source values are synthetic fixture TimeoutCert objects (decode_timeout_cert/admit_timeout_cert) and Debug-formatted error enums / capacity integers,FALSE_POSITIVE_NON_SENSITIVE_TEST_DIAGNOSTIC,"Sink is a non-production test-assertion diagnostic; the value reaching output is synthetic fixture data / an error diagnostic / a public capacity quantity, established by inspecting the flow source and sink rather than solely because the result lies in a test file. No secret, key, or credential reaches the sink. rust/cleartext-logging reported severity is retained separately."
B_acceptance_testutils,B_acceptance_testutils#result[50],rust/cleartext-logging,crates/qbind-node/tests/run_422_d7d14_safety_record_store_tests.rs:3468,warning,flow source crates/qbind-node/src/safety_record_store/codec.rs:879; sink is a test-assertion diagnostic (panic!/assert!/println! format message) in the D7-D14 integration test; source values are synthetic fixture TimeoutCert objects (decode_timeout_cert/admit_timeout_cert) and Debug-formatted error enums / capacity integers,FALSE_POSITIVE_NON_SENSITIVE_TEST_DIAGNOSTIC,"Sink is a non-production test-assertion diagnostic; the value reaching output is synthetic fixture data / an error diagnostic / a public capacity quantity, established by inspecting the flow source and sink rather than solely because the result lies in a test file. No secret, key, or credential reaches the sink. rust/cleartext-logging reported severity is retained separately."
B_acceptance_testutils,B_acceptance_testutils#result[51],rust/cleartext-logging,crates/qbind-node/tests/run_422_d7d14_safety_record_store_tests.rs:3663,warning,flow source crates/qbind-node/src/safety_record_store/codec.rs:546; sink is a test-assertion diagnostic (panic!/assert!/println! format message) in the D7-D14 integration test; source values are synthetic fixture TimeoutCert objects (decode_timeout_cert/admit_timeout_cert) and Debug-formatted error enums / capacity integers,FALSE_POSITIVE_NON_SENSITIVE_TEST_DIAGNOSTIC,"Sink is a non-production test-assertion diagnostic; the value reaching output is synthetic fixture data / an error diagnostic / a public capacity quantity, established by inspecting the flow source and sink rather than solely because the result lies in a test file. No secret, key, or credential reaches the sink. rust/cleartext-logging reported severity is retained separately."
B_acceptance_testutils,B_acceptance_testutils#result[52],rust/cleartext-logging,crates/qbind-node/tests/run_422_d7d14_safety_record_store_tests.rs:3687,warning,flow source crates/qbind-node/src/safety_record_store/codec.rs:879; sink is a test-assertion diagnostic (panic!/assert!/println! format message) in the D7-D14 integration test; source values are synthetic fixture TimeoutCert objects (decode_timeout_cert/admit_timeout_cert) and Debug-formatted error enums / capacity integers,FALSE_POSITIVE_NON_SENSITIVE_TEST_DIAGNOSTIC,"Sink is a non-production test-assertion diagnostic; the value reaching output is synthetic fixture data / an error diagnostic / a public capacity quantity, established by inspecting the flow source and sink rather than solely because the result lies in a test file. No secret, key, or credential reaches the sink. rust/cleartext-logging reported severity is retained separately."
B_acceptance_testutils,B_acceptance_testutils#result[53],rust/cleartext-logging,crates/qbind-node/tests/run_422_d7d14_safety_record_store_tests.rs:3721,warning,flow source crates/qbind-node/src/safety_record_store/codec.rs:879; sink is a test-assertion diagnostic (panic!/assert!/println! format message) in the D7-D14 integration test; source values are synthetic fixture TimeoutCert objects (decode_timeout_cert/admit_timeout_cert) and Debug-formatted error enums / capacity integers,FALSE_POSITIVE_NON_SENSITIVE_TEST_DIAGNOSTIC,"Sink is a non-production test-assertion diagnostic; the value reaching output is synthetic fixture data / an error diagnostic / a public capacity quantity, established by inspecting the flow source and sink rather than solely because the result lies in a test file. No secret, key, or credential reaches the sink. rust/cleartext-logging reported severity is retained separately."
B_acceptance_testutils,B_acceptance_testutils#result[54],rust/cleartext-logging,crates/qbind-node/tests/run_422_d7d14_safety_record_store_tests.rs:3794,warning,flow source crates/qbind-node/src/safety_record_store/codec.rs:879; sink is a test-assertion diagnostic (panic!/assert!/println! format message) in the D7-D14 integration test; source values are synthetic fixture TimeoutCert objects (decode_timeout_cert/admit_timeout_cert) and Debug-formatted error enums / capacity integers,FALSE_POSITIVE_NON_SENSITIVE_TEST_DIAGNOSTIC,"Sink is a non-production test-assertion diagnostic; the value reaching output is synthetic fixture data / an error diagnostic / a public capacity quantity, established by inspecting the flow source and sink rather than solely because the result lies in a test file. No secret, key, or credential reaches the sink. rust/cleartext-logging reported severity is retained separately."
B_acceptance_testutils,B_acceptance_testutils#result[55],rust/cleartext-logging,crates/qbind-node/tests/run_422_d7d14_safety_record_store_tests.rs:3823,warning,flow source crates/qbind-node/src/safety_record_store/codec.rs:879; sink is a test-assertion diagnostic (panic!/assert!/println! format message) in the D7-D14 integration test; source values are synthetic fixture TimeoutCert objects (decode_timeout_cert/admit_timeout_cert) and Debug-formatted error enums / capacity integers,FALSE_POSITIVE_NON_SENSITIVE_TEST_DIAGNOSTIC,"Sink is a non-production test-assertion diagnostic; the value reaching output is synthetic fixture data / an error diagnostic / a public capacity quantity, established by inspecting the flow source and sink rather than solely because the result lies in a test file. No secret, key, or credential reaches the sink. rust/cleartext-logging reported severity is retained separately."
B_acceptance_testutils,B_acceptance_testutils#result[56],rust/cleartext-logging,crates/qbind-node/tests/run_422_d7d14_safety_record_store_tests.rs:4145,warning,flow source crates/qbind-node/src/safety_record_store/codec.rs:546; sink is a test-assertion diagnostic (panic!/assert!/println! format message) in the D7-D14 integration test; source values are synthetic fixture TimeoutCert objects (decode_timeout_cert/admit_timeout_cert) and Debug-formatted error enums / capacity integers,FALSE_POSITIVE_NON_SENSITIVE_TEST_DIAGNOSTIC,"Sink is a non-production test-assertion diagnostic; the value reaching output is synthetic fixture data / an error diagnostic / a public capacity quantity, established by inspecting the flow source and sink rather than solely because the result lies in a test file. No secret, key, or credential reaches the sink. rust/cleartext-logging reported severity is retained separately."
B_acceptance_testutils,B_acceptance_testutils#result[57],rust/cleartext-logging,crates/qbind-node/tests/run_422_d7d14_safety_record_store_tests.rs:4170,warning,flow source crates/qbind-node/src/safety_record_store/codec.rs:546; sink is a test-assertion diagnostic (panic!/assert!/println! format message) in the D7-D14 integration test; source values are synthetic fixture TimeoutCert objects (decode_timeout_cert/admit_timeout_cert) and Debug-formatted error enums / capacity integers,FALSE_POSITIVE_NON_SENSITIVE_TEST_DIAGNOSTIC,"Sink is a non-production test-assertion diagnostic; the value reaching output is synthetic fixture data / an error diagnostic / a public capacity quantity, established by inspecting the flow source and sink rather than solely because the result lies in a test file. No secret, key, or credential reaches the sink. rust/cleartext-logging reported severity is retained separately."
B_acceptance_testutils,B_acceptance_testutils#result[58],rust/cleartext-logging,crates/qbind-node/tests/run_422_d7d14_safety_record_store_tests.rs:5134,warning,flow source crates/qbind-node/src/safety_record_store/codec.rs:546; sink is a test-assertion diagnostic (panic!/assert!/println! format message) in the D7-D14 integration test; source values are synthetic fixture TimeoutCert objects (decode_timeout_cert/admit_timeout_cert) and Debug-formatted error enums / capacity integers,FALSE_POSITIVE_NON_SENSITIVE_TEST_DIAGNOSTIC,"Sink is a non-production test-assertion diagnostic; the value reaching output is synthetic fixture data / an error diagnostic / a public capacity quantity, established by inspecting the flow source and sink rather than solely because the result lies in a test file. No secret, key, or credential reaches the sink. rust/cleartext-logging reported severity is retained separately."
B_acceptance_testutils,B_acceptance_testutils#result[59],rust/cleartext-logging,crates/qbind-node/tests/run_422_d7d14_safety_record_store_tests.rs:5715,warning,flow source crates/qbind-node/src/safety_record_store/codec.rs:546; sink is a test-assertion diagnostic (panic!/assert!/println! format message) in the D7-D14 integration test; source values are synthetic fixture TimeoutCert objects (decode_timeout_cert/admit_timeout_cert) and Debug-formatted error enums / capacity integers,FALSE_POSITIVE_NON_SENSITIVE_TEST_DIAGNOSTIC,"Sink is a non-production test-assertion diagnostic; the value reaching output is synthetic fixture data / an error diagnostic / a public capacity quantity, established by inspecting the flow source and sink rather than solely because the result lies in a test file. No secret, key, or credential reaches the sink. rust/cleartext-logging reported severity is retained separately."
B_acceptance_testutils,B_acceptance_testutils#result[60],rust/cleartext-logging,crates/qbind-node/tests/run_422_d7d14_safety_record_store_tests.rs:5873,warning,flow source crates/qbind-node/src/safety_record_store/codec.rs:879; sink is a test-assertion diagnostic (panic!/assert!/println! format message) in the D7-D14 integration test; source values are synthetic fixture TimeoutCert objects (decode_timeout_cert/admit_timeout_cert) and Debug-formatted error enums / capacity integers,FALSE_POSITIVE_NON_SENSITIVE_TEST_DIAGNOSTIC,"Sink is a non-production test-assertion diagnostic; the value reaching output is synthetic fixture data / an error diagnostic / a public capacity quantity, established by inspecting the flow source and sink rather than solely because the result lies in a test file. No secret, key, or credential reaches the sink. rust/cleartext-logging reported severity is retained separately."
B_acceptance_testutils,B_acceptance_testutils#result[61],rust/cleartext-logging,crates/qbind-node/tests/run_422_d7d14_safety_record_store_tests.rs:6232,warning,flow source crates/qbind-node/src/safety_record_store/codec.rs:879; sink is a test-assertion diagnostic (panic!/assert!/println! format message) in the D7-D14 integration test; source values are synthetic fixture TimeoutCert objects (decode_timeout_cert/admit_timeout_cert) and Debug-formatted error enums / capacity integers,FALSE_POSITIVE_NON_SENSITIVE_TEST_DIAGNOSTIC,"Sink is a non-production test-assertion diagnostic; the value reaching output is synthetic fixture data / an error diagnostic / a public capacity quantity, established by inspecting the flow source and sink rather than solely because the result lies in a test file. No secret, key, or credential reaches the sink. rust/cleartext-logging reported severity is retained separately."
B_acceptance_testutils,B_acceptance_testutils#result[62],rust/cleartext-logging,crates/qbind-node/tests/run_422_d7d14_safety_record_store_tests.rs:6234,warning,flow source crates/qbind-node/src/safety_record_store/codec.rs:879; sink is a test-assertion diagnostic (panic!/assert!/println! format message) in the D7-D14 integration test; source values are synthetic fixture TimeoutCert objects (decode_timeout_cert/admit_timeout_cert) and Debug-formatted error enums / capacity integers,FALSE_POSITIVE_NON_SENSITIVE_TEST_DIAGNOSTIC,"Sink is a non-production test-assertion diagnostic; the value reaching output is synthetic fixture data / an error diagnostic / a public capacity quantity, established by inspecting the flow source and sink rather than solely because the result lies in a test file. No secret, key, or credential reaches the sink. rust/cleartext-logging reported severity is retained separately."
B_acceptance_testutils,B_acceptance_testutils#result[63],rust/cleartext-logging,crates/qbind-node/tests/run_422_d7d14_safety_record_store_tests.rs:6391,warning,flow source crates/qbind-node/src/safety_record_store/codec.rs:879; sink is a test-assertion diagnostic (panic!/assert!/println! format message) in the D7-D14 integration test; source values are synthetic fixture TimeoutCert objects (decode_timeout_cert/admit_timeout_cert) and Debug-formatted error enums / capacity integers,FALSE_POSITIVE_NON_SENSITIVE_TEST_DIAGNOSTIC,"Sink is a non-production test-assertion diagnostic; the value reaching output is synthetic fixture data / an error diagnostic / a public capacity quantity, established by inspecting the flow source and sink rather than solely because the result lies in a test file. No secret, key, or credential reaches the sink. rust/cleartext-logging reported severity is retained separately."
B_acceptance_testutils,B_acceptance_testutils#result[64],rust/cleartext-logging,crates/qbind-node/tests/run_422_d7d14_safety_record_store_tests.rs:6393,warning,flow source crates/qbind-node/src/safety_record_store/codec.rs:879; sink is a test-assertion diagnostic (panic!/assert!/println! format message) in the D7-D14 integration test; source values are synthetic fixture TimeoutCert objects (decode_timeout_cert/admit_timeout_cert) and Debug-formatted error enums / capacity integers,FALSE_POSITIVE_NON_SENSITIVE_TEST_DIAGNOSTIC,"Sink is a non-production test-assertion diagnostic; the value reaching output is synthetic fixture data / an error diagnostic / a public capacity quantity, established by inspecting the flow source and sink rather than solely because the result lies in a test file. No secret, key, or credential reaches the sink. rust/cleartext-logging reported severity is retained separately."
B_acceptance_testutils,B_acceptance_testutils#result[65],rust/cleartext-logging,crates/qbind-node/tests/run_422_d7d14_safety_record_store_tests.rs:6784,warning,flow source crates/qbind-node/src/safety_record_store/codec.rs:546; sink is a test-assertion diagnostic (panic!/assert!/println! format message) in the D7-D14 integration test; source values are synthetic fixture TimeoutCert objects (decode_timeout_cert/admit_timeout_cert) and Debug-formatted error enums / capacity integers,FALSE_POSITIVE_NON_SENSITIVE_TEST_DIAGNOSTIC,"Sink is a non-production test-assertion diagnostic; the value reaching output is synthetic fixture data / an error diagnostic / a public capacity quantity, established by inspecting the flow source and sink rather than solely because the result lies in a test file. No secret, key, or credential reaches the sink. rust/cleartext-logging reported severity is retained separately."
B_acceptance_testutils,B_acceptance_testutils#result[66],rust/cleartext-logging,crates/qbind-node/tests/run_422_d7d14_safety_record_store_tests.rs:6808,warning,flow source crates/qbind-node/src/safety_record_store/codec.rs:546; sink is a test-assertion diagnostic (panic!/assert!/println! format message) in the D7-D14 integration test; source values are synthetic fixture TimeoutCert objects (decode_timeout_cert/admit_timeout_cert) and Debug-formatted error enums / capacity integers,FALSE_POSITIVE_NON_SENSITIVE_TEST_DIAGNOSTIC,"Sink is a non-production test-assertion diagnostic; the value reaching output is synthetic fixture data / an error diagnostic / a public capacity quantity, established by inspecting the flow source and sink rather than solely because the result lies in a test file. No secret, key, or credential reaches the sink. rust/cleartext-logging reported severity is retained separately."
B_acceptance_testutils,B_acceptance_testutils#result[67],rust/cleartext-logging,crates/qbind-node/tests/run_422_d7d14_safety_record_store_tests.rs:6872,warning,flow source crates/qbind-node/src/safety_record_store/codec.rs:546; sink is a test-assertion diagnostic (panic!/assert!/println! format message) in the D7-D14 integration test; source values are synthetic fixture TimeoutCert objects (decode_timeout_cert/admit_timeout_cert) and Debug-formatted error enums / capacity integers,FALSE_POSITIVE_NON_SENSITIVE_TEST_DIAGNOSTIC,"Sink is a non-production test-assertion diagnostic; the value reaching output is synthetic fixture data / an error diagnostic / a public capacity quantity, established by inspecting the flow source and sink rather than solely because the result lies in a test file. No secret, key, or credential reaches the sink. rust/cleartext-logging reported severity is retained separately."
B_acceptance_testutils,B_acceptance_testutils#result[68],rust/cleartext-logging,crates/qbind-node/tests/run_422_d7d14_safety_record_store_tests.rs:7117,warning,flow source crates/qbind-node/src/safety_record_store/codec.rs:546; sink is a test-assertion diagnostic (panic!/assert!/println! format message) in the D7-D14 integration test; source values are synthetic fixture TimeoutCert objects (decode_timeout_cert/admit_timeout_cert) and Debug-formatted error enums / capacity integers,FALSE_POSITIVE_NON_SENSITIVE_TEST_DIAGNOSTIC,"Sink is a non-production test-assertion diagnostic; the value reaching output is synthetic fixture data / an error diagnostic / a public capacity quantity, established by inspecting the flow source and sink rather than solely because the result lies in a test file. No secret, key, or credential reaches the sink. rust/cleartext-logging reported severity is retained separately."
B_acceptance_testutils,B_acceptance_testutils#result[69],rust/cleartext-logging,crates/qbind-node/tests/run_422_d7d14_safety_record_store_tests.rs:7574,warning,flow source crates/qbind-node/src/safety_record_store/codec.rs:546; sink is a test-assertion diagnostic (panic!/assert!/println! format message) in the D7-D14 integration test; source values are synthetic fixture TimeoutCert objects (decode_timeout_cert/admit_timeout_cert) and Debug-formatted error enums / capacity integers,FALSE_POSITIVE_NON_SENSITIVE_TEST_DIAGNOSTIC,"Sink is a non-production test-assertion diagnostic; the value reaching output is synthetic fixture data / an error diagnostic / a public capacity quantity, established by inspecting the flow source and sink rather than solely because the result lies in a test file. No secret, key, or credential reaches the sink. rust/cleartext-logging reported severity is retained separately."
B_acceptance_testutils,B_acceptance_testutils#result[70],rust/cleartext-logging,crates/qbind-node/tests/run_422_d7d14_safety_record_store_tests.rs:7600,warning,flow source crates/qbind-node/src/safety_record_store/codec.rs:546; sink is a test-assertion diagnostic (panic!/assert!/println! format message) in the D7-D14 integration test; source values are synthetic fixture TimeoutCert objects (decode_timeout_cert/admit_timeout_cert) and Debug-formatted error enums / capacity integers,FALSE_POSITIVE_NON_SENSITIVE_TEST_DIAGNOSTIC,"Sink is a non-production test-assertion diagnostic; the value reaching output is synthetic fixture data / an error diagnostic / a public capacity quantity, established by inspecting the flow source and sink rather than solely because the result lies in a test file. No secret, key, or credential reaches the sink. rust/cleartext-logging reported severity is retained separately."
B_acceptance_testutils,B_acceptance_testutils#result[71],rust/cleartext-logging,crates/qbind-node/tests/run_422_d7d14_safety_record_store_tests.rs:7803,warning,flow source crates/qbind-node/src/safety_record_store/codec.rs:546; sink is a test-assertion diagnostic (panic!/assert!/println! format message) in the D7-D14 integration test; source values are synthetic fixture TimeoutCert objects (decode_timeout_cert/admit_timeout_cert) and Debug-formatted error enums / capacity integers,FALSE_POSITIVE_NON_SENSITIVE_TEST_DIAGNOSTIC,"Sink is a non-production test-assertion diagnostic; the value reaching output is synthetic fixture data / an error diagnostic / a public capacity quantity, established by inspecting the flow source and sink rather than solely because the result lies in a test file. No secret, key, or credential reaches the sink. rust/cleartext-logging reported severity is retained separately."
B_acceptance_testutils,B_acceptance_testutils#result[72],rust/cleartext-logging,crates/qbind-node/tests/run_422_d7d14_safety_record_store_tests.rs:7848,warning,flow source crates/qbind-node/src/safety_record_store/codec.rs:546; sink is a test-assertion diagnostic (panic!/assert!/println! format message) in the D7-D14 integration test; source values are synthetic fixture TimeoutCert objects (decode_timeout_cert/admit_timeout_cert) and Debug-formatted error enums / capacity integers,FALSE_POSITIVE_NON_SENSITIVE_TEST_DIAGNOSTIC,"Sink is a non-production test-assertion diagnostic; the value reaching output is synthetic fixture data / an error diagnostic / a public capacity quantity, established by inspecting the flow source and sink rather than solely because the result lies in a test file. No secret, key, or credential reaches the sink. rust/cleartext-logging reported severity is retained separately."
B_acceptance_testutils,B_acceptance_testutils#result[73],rust/cleartext-logging,crates/qbind-node/tests/run_422_d7d14_safety_record_store_tests.rs:7883,warning,flow source crates/qbind-node/src/safety_record_store/codec.rs:546; sink is a test-assertion diagnostic (panic!/assert!/println! format message) in the D7-D14 integration test; source values are synthetic fixture TimeoutCert objects (decode_timeout_cert/admit_timeout_cert) and Debug-formatted error enums / capacity integers,FALSE_POSITIVE_NON_SENSITIVE_TEST_DIAGNOSTIC,"Sink is a non-production test-assertion diagnostic; the value reaching output is synthetic fixture data / an error diagnostic / a public capacity quantity, established by inspecting the flow source and sink rather than solely because the result lies in a test file. No secret, key, or credential reaches the sink. rust/cleartext-logging reported severity is retained separately."
B_acceptance_testutils,B_acceptance_testutils#result[74],rust/cleartext-logging,crates/qbind-node/tests/run_422_d7d14_safety_record_store_tests.rs:7925,warning,flow source crates/qbind-node/src/safety_record_store/codec.rs:546; sink is a test-assertion diagnostic (panic!/assert!/println! format message) in the D7-D14 integration test; source values are synthetic fixture TimeoutCert objects (decode_timeout_cert/admit_timeout_cert) and Debug-formatted error enums / capacity integers,FALSE_POSITIVE_NON_SENSITIVE_TEST_DIAGNOSTIC,"Sink is a non-production test-assertion diagnostic; the value reaching output is synthetic fixture data / an error diagnostic / a public capacity quantity, established by inspecting the flow source and sink rather than solely because the result lies in a test file. No secret, key, or credential reaches the sink. rust/cleartext-logging reported severity is retained separately."
B_acceptance_testutils,B_acceptance_testutils#result[75],rust/cleartext-logging,crates/qbind-node/tests/run_422_d7d14_safety_record_store_tests.rs:8125,warning,flow source crates/qbind-node/src/safety_record_store/codec.rs:546; sink is a test-assertion diagnostic (panic!/assert!/println! format message) in the D7-D14 integration test; source values are synthetic fixture TimeoutCert objects (decode_timeout_cert/admit_timeout_cert) and Debug-formatted error enums / capacity integers,FALSE_POSITIVE_NON_SENSITIVE_TEST_DIAGNOSTIC,"Sink is a non-production test-assertion diagnostic; the value reaching output is synthetic fixture data / an error diagnostic / a public capacity quantity, established by inspecting the flow source and sink rather than solely because the result lies in a test file. No secret, key, or credential reaches the sink. rust/cleartext-logging reported severity is retained separately."
B_acceptance_testutils,B_acceptance_testutils#result[76],rust/cleartext-logging,crates/qbind-node/tests/run_422_d7d14_safety_record_store_tests.rs:8190,warning,flow source crates/qbind-node/src/safety_record_store/codec.rs:546; sink is a test-assertion diagnostic (panic!/assert!/println! format message) in the D7-D14 integration test; source values are synthetic fixture TimeoutCert objects (decode_timeout_cert/admit_timeout_cert) and Debug-formatted error enums / capacity integers,FALSE_POSITIVE_NON_SENSITIVE_TEST_DIAGNOSTIC,"Sink is a non-production test-assertion diagnostic; the value reaching output is synthetic fixture data / an error diagnostic / a public capacity quantity, established by inspecting the flow source and sink rather than solely because the result lies in a test file. No secret, key, or credential reaches the sink. rust/cleartext-logging reported severity is retained separately."
B_acceptance_testutils,B_acceptance_testutils#result[77],rust/cleartext-logging,crates/qbind-node/tests/run_422_d7d14_safety_record_store_tests.rs:8215,warning,flow source crates/qbind-node/src/safety_record_store/codec.rs:546; sink is a test-assertion diagnostic (panic!/assert!/println! format message) in the D7-D14 integration test; source values are synthetic fixture TimeoutCert objects (decode_timeout_cert/admit_timeout_cert) and Debug-formatted error enums / capacity integers,FALSE_POSITIVE_NON_SENSITIVE_TEST_DIAGNOSTIC,"Sink is a non-production test-assertion diagnostic; the value reaching output is synthetic fixture data / an error diagnostic / a public capacity quantity, established by inspecting the flow source and sink rather than solely because the result lies in a test file. No secret, key, or credential reaches the sink. rust/cleartext-logging reported severity is retained separately."
B_acceptance_testutils,B_acceptance_testutils#result[78],rust/cleartext-logging,crates/qbind-node/tests/run_422_d7d14_safety_record_store_tests.rs:8236,warning,flow source crates/qbind-node/src/safety_record_store/codec.rs:546; sink is a test-assertion diagnostic (panic!/assert!/println! format message) in the D7-D14 integration test; source values are synthetic fixture TimeoutCert objects (decode_timeout_cert/admit_timeout_cert) and Debug-formatted error enums / capacity integers,FALSE_POSITIVE_NON_SENSITIVE_TEST_DIAGNOSTIC,"Sink is a non-production test-assertion diagnostic; the value reaching output is synthetic fixture data / an error diagnostic / a public capacity quantity, established by inspecting the flow source and sink rather than solely because the result lies in a test file. No secret, key, or credential reaches the sink. rust/cleartext-logging reported severity is retained separately."
B_acceptance_testutils,B_acceptance_testutils#result[79],rust/cleartext-logging,crates/qbind-node/tests/run_422_d7d14_safety_record_store_tests.rs:8625,warning,flow source crates/qbind-node/src/safety_record_store/codec.rs:546; sink is a test-assertion diagnostic (panic!/assert!/println! format message) in the D7-D14 integration test; source values are synthetic fixture TimeoutCert objects (decode_timeout_cert/admit_timeout_cert) and Debug-formatted error enums / capacity integers,FALSE_POSITIVE_NON_SENSITIVE_TEST_DIAGNOSTIC,"Sink is a non-production test-assertion diagnostic; the value reaching output is synthetic fixture data / an error diagnostic / a public capacity quantity, established by inspecting the flow source and sink rather than solely because the result lies in a test file. No secret, key, or credential reaches the sink. rust/cleartext-logging reported severity is retained separately."
B_acceptance_testutils,B_acceptance_testutils#result[80],rust/cleartext-logging,crates/qbind-node/tests/run_422_d7d14_safety_record_store_tests.rs:8903,warning,flow source crates/qbind-node/src/safety_record_store/codec.rs:546; sink is a test-assertion diagnostic (panic!/assert!/println! format message) in the D7-D14 integration test; source values are synthetic fixture TimeoutCert objects (decode_timeout_cert/admit_timeout_cert) and Debug-formatted error enums / capacity integers,FALSE_POSITIVE_NON_SENSITIVE_TEST_DIAGNOSTIC,"Sink is a non-production test-assertion diagnostic; the value reaching output is synthetic fixture data / an error diagnostic / a public capacity quantity, established by inspecting the flow source and sink rather than solely because the result lies in a test file. No secret, key, or credential reaches the sink. rust/cleartext-logging reported severity is retained separately."
B_acceptance_testutils,B_acceptance_testutils#result[81],rust/cleartext-logging,crates/qbind-node/tests/run_422_d7d14_safety_record_store_tests.rs:8913,warning,flow source crates/qbind-node/src/safety_record_store/codec.rs:546; sink is a test-assertion diagnostic (panic!/assert!/println! format message) in the D7-D14 integration test; source values are synthetic fixture TimeoutCert objects (decode_timeout_cert/admit_timeout_cert) and Debug-formatted error enums / capacity integers,FALSE_POSITIVE_NON_SENSITIVE_TEST_DIAGNOSTIC,"Sink is a non-production test-assertion diagnostic; the value reaching output is synthetic fixture data / an error diagnostic / a public capacity quantity, established by inspecting the flow source and sink rather than solely because the result lies in a test file. No secret, key, or credential reaches the sink. rust/cleartext-logging reported severity is retained separately."
B_acceptance_testutils,B_acceptance_testutils#result[82],rust/cleartext-logging,crates/qbind-node/tests/run_422_d7d14_safety_record_store_tests.rs:9707,warning,flow source crates/qbind-node/src/safety_record_store/codec.rs:546; sink is a test-assertion diagnostic (panic!/assert!/println! format message) in the D7-D14 integration test; source values are synthetic fixture TimeoutCert objects (decode_timeout_cert/admit_timeout_cert) and Debug-formatted error enums / capacity integers,FALSE_POSITIVE_NON_SENSITIVE_TEST_DIAGNOSTIC,"Sink is a non-production test-assertion diagnostic; the value reaching output is synthetic fixture data / an error diagnostic / a public capacity quantity, established by inspecting the flow source and sink rather than solely because the result lies in a test file. No secret, key, or credential reaches the sink. rust/cleartext-logging reported severity is retained separately."
B_acceptance_testutils,B_acceptance_testutils#result[83],rust/cleartext-logging,crates/qbind-node/tests/run_422_d7d14_safety_record_store_tests.rs:9734,warning,flow source crates/qbind-node/src/safety_record_store/codec.rs:546; sink is a test-assertion diagnostic (panic!/assert!/println! format message) in the D7-D14 integration test; source values are synthetic fixture TimeoutCert objects (decode_timeout_cert/admit_timeout_cert) and Debug-formatted error enums / capacity integers,FALSE_POSITIVE_NON_SENSITIVE_TEST_DIAGNOSTIC,"Sink is a non-production test-assertion diagnostic; the value reaching output is synthetic fixture data / an error diagnostic / a public capacity quantity, established by inspecting the flow source and sink rather than solely because the result lies in a test file. No secret, key, or credential reaches the sink. rust/cleartext-logging reported severity is retained separately."
B_acceptance_testutils,B_acceptance_testutils#result[84],rust/cleartext-logging,crates/qbind-node/tests/run_422_d7d14_safety_record_store_tests.rs:9985,warning,flow source crates/qbind-node/src/safety_record_store/codec.rs:546; sink is a test-assertion diagnostic (panic!/assert!/println! format message) in the D7-D14 integration test; source values are synthetic fixture TimeoutCert objects (decode_timeout_cert/admit_timeout_cert) and Debug-formatted error enums / capacity integers,FALSE_POSITIVE_NON_SENSITIVE_TEST_DIAGNOSTIC,"Sink is a non-production test-assertion diagnostic; the value reaching output is synthetic fixture data / an error diagnostic / a public capacity quantity, established by inspecting the flow source and sink rather than solely because the result lies in a test file. No secret, key, or credential reaches the sink. rust/cleartext-logging reported severity is retained separately."
B_acceptance_testutils,B_acceptance_testutils#result[85],rust/cleartext-logging,crates/qbind-node/tests/run_422_d7d14_safety_record_store_tests.rs:10651,warning,flow source crates/qbind-node/src/safety_record_store/codec.rs:546; sink is a test-assertion diagnostic (panic!/assert!/println! format message) in the D7-D14 integration test; source values are synthetic fixture TimeoutCert objects (decode_timeout_cert/admit_timeout_cert) and Debug-formatted error enums / capacity integers,FALSE_POSITIVE_NON_SENSITIVE_TEST_DIAGNOSTIC,"Sink is a non-production test-assertion diagnostic; the value reaching output is synthetic fixture data / an error diagnostic / a public capacity quantity, established by inspecting the flow source and sink rather than solely because the result lies in a test file. No secret, key, or credential reaches the sink. rust/cleartext-logging reported severity is retained separately."
B_acceptance_testutils,B_acceptance_testutils#result[86],rust/cleartext-logging,crates/qbind-node/tests/run_422_d7d14_safety_record_store_tests.rs:10870,warning,flow source crates/qbind-node/src/safety_record_store/codec.rs:546; sink is a test-assertion diagnostic (panic!/assert!/println! format message) in the D7-D14 integration test; source values are synthetic fixture TimeoutCert objects (decode_timeout_cert/admit_timeout_cert) and Debug-formatted error enums / capacity integers,FALSE_POSITIVE_NON_SENSITIVE_TEST_DIAGNOSTIC,"Sink is a non-production test-assertion diagnostic; the value reaching output is synthetic fixture data / an error diagnostic / a public capacity quantity, established by inspecting the flow source and sink rather than solely because the result lies in a test file. No secret, key, or credential reaches the sink. rust/cleartext-logging reported severity is retained separately."
B_acceptance_testutils,B_acceptance_testutils#result[143],rust/cleartext-logging,crates/qbind-node/src/safety_record_store/codec.rs:415,warning,"codec.rs:413-417 debug_assert!(cert.capacity()==cert_cap, ""evidence cert backing capacity {} diverged from the admitted cap {cert_cap}""); value reaching sink is the integer capacity bound cert_cap/cert.capacity(); debug_assert! is compiled out in release builds",FALSE_POSITIVE_NON_SENSITIVE,"Value is a non-sensitive integer capacity bound (public quantity), not key/credential material; emitted only in a debug_assert! divergence message removed from release binaries. rust/cleartext-logging reported severity (warning) is retained; this per-result assessment is a false positive and the frozen implementation is not modified under this task."